<?xml version="1.0" encoding="UTF-8"?>
<project-private xmlns="http://www.netbeans.org/ns/project-private/1">
    <editor-bookmarks xmlns="http://www.netbeans.org/ns/editor-bookmarks/2" lastBookmarkId="0"/>
    <open-files xmlns="http://www.netbeans.org/ns/projectui-open-files/2">
        <group>
            <file>file:/C:/Users/ROHAN/OneDrive/Desktop/Netbeans/VRMS/VehicleRentManagementSystem/src/vehiclerentmanagementsystem/Sure.java</file>
            <file>file:/C:/Users/ROHAN/OneDrive/Desktop/Netbeans/VRMS/VehicleRentManagementSystem/src/vehiclerentmanagementsystem/Menu.java</file>
            <file>file:/C:/Users/ROHAN/OneDrive/Desktop/Netbeans/VRMS/VehicleRentManagementSystem/src/vehiclerentmanagementsystem/Take.java</file>
            <file>file:/C:/Users/ROHAN/OneDrive/Desktop/Netbeans/VRMS/VehicleRentManagementSystem/src/vehiclerentmanagementsystem/VehicleRentManagementSystem.java</file>
            <file>file:/C:/Users/ROHAN/OneDrive/Desktop/Netbeans/VRMS/VehicleRentManagementSystem/src/vehiclerentmanagementsystem/OnFrame.java</file>
            <file>file:/C:/Users/ROHAN/OneDrive/Desktop/Netbeans/VRMS/VehicleRentManagementSystem/src/vehiclerentmanagementsystem/LogIn1.java</file>
            <file>file:/C:/Users/ROHAN/OneDrive/Desktop/Netbeans/VRMS/VehicleRentManagementSystem/src/vehiclerentmanagementsystem/Add.java</file>
            <file>file:/C:/Users/ROHAN/OneDrive/Desktop/Netbeans/VRMS/VehicleRentManagementSystem/src/vehiclerentmanagementsystem/Return.java</file>
        </group>
    </open-files>
</project-private>
